{
    "sum": 6438867.0,
    "avr": 323.6424729831616,
    "sumMD": 38846.0,
    "avrMD": 337.7913043478261,
    "sumSD": 42670.0,
    "avrSD": 371.04347826086956,
    "max": 594.0,
    "min": 50.0
}